id,user_id,user_exam_id,subject_id,subject_name,subject_tag,exam_payment_status,exam_id
cdea21dc-44ba-47ee-bb8e-f4fb5fa972c4,00a06c27-3779-46f8-9128-cb39af909437,f0fd5b31-57d4-4a68-9bdf-d073f8feb101,4,Chemistry,JW,completed,784e2171-e437-4283-b476-27f47095a340
69d0593e-e6f8-49de-b586-4493c2230c54,00a06c27-3779-46f8-9128-cb39af909437,f0fd5b31-57d4-4a68-9bdf-d073f8feb101,9,Mathematics,JW,completed,784e2171-e437-4283-b476-27f47095a340
6218b551-bfc9-47cb-8203-49b5b7f6046d,00a06c27-3779-46f8-9128-cb39af909437,f0fd5b31-57d4-4a68-9bdf-d073f8feb101,10,Physics,JW,completed,784e2171-e437-4283-b476-27f47095a340
96176493-182f-48d6-b493-754138b0a276,00a06c27-3779-46f8-9128-cb39af909437,f0fd5b31-57d4-4a68-9bdf-d073f8feb101,1,Use of English,JW,completed,784e2171-e437-4283-b476-27f47095a340
a5597abe-bf5e-4f16-9b0d-38e6f1f21e5e,0e9f8f4f-e9b7-4bb5-a82e-3d9fe8771690,589222ca-be25-493f-aa16-010a695d5fdb,4,Chemistry,JW,completed,784e2171-e437-4283-b476-27f47095a340
fff60c76-3194-415f-9f1a-da6ebf4171d0,0e9f8f4f-e9b7-4bb5-a82e-3d9fe8771690,589222ca-be25-493f-aa16-010a695d5fdb,9,Mathematics,JW,completed,784e2171-e437-4283-b476-27f47095a340
939905e7-e5f6-4c09-ac2b-f1a91144d703,0e9f8f4f-e9b7-4bb5-a82e-3d9fe8771690,589222ca-be25-493f-aa16-010a695d5fdb,10,Physics,JW,completed,784e2171-e437-4283-b476-27f47095a340
73c625ef-e540-4d67-a084-08f568d817b3,0e9f8f4f-e9b7-4bb5-a82e-3d9fe8771690,589222ca-be25-493f-aa16-010a695d5fdb,1,Use of English,JW,completed,784e2171-e437-4283-b476-27f47095a340
7e5af41d-0465-4c8e-a724-c8bf0cf126b1,1029ce33-235e-4539-86fc-151095921660,46819c5b-82de-49f7-8e9b-12423f093fda,3,Biology,JW,completed,784e2171-e437-4283-b476-27f47095a340
9ad4e038-f9bb-4d38-b97a-44fa618866ea,1029ce33-235e-4539-86fc-151095921660,46819c5b-82de-49f7-8e9b-12423f093fda,4,Chemistry,JW,completed,784e2171-e437-4283-b476-27f47095a340
991aba39-981d-41d2-bd71-16114f58605b,1029ce33-235e-4539-86fc-151095921660,46819c5b-82de-49f7-8e9b-12423f093fda,10,Physics,JW,completed,784e2171-e437-4283-b476-27f47095a340
59ce53a5-bd23-43fa-8120-70e31b410e41,1029ce33-235e-4539-86fc-151095921660,46819c5b-82de-49f7-8e9b-12423f093fda,1,Use of English,JW,completed,784e2171-e437-4283-b476-27f47095a340
d51dd870-19dc-414e-a2c8-000b7c4f2169,12fed5d1-588e-441c-8749-5939e67d8f82,54eef350-1bf9-49d9-8ac1-0508e5b89a87,4,Chemistry,JW,completed,784e2171-e437-4283-b476-27f47095a340
6dcdebca-ae90-419c-af70-1ae66f4f107a,12fed5d1-588e-441c-8749-5939e67d8f82,54eef350-1bf9-49d9-8ac1-0508e5b89a87,9,Mathematics,JW,completed,784e2171-e437-4283-b476-27f47095a340
4581bb2d-e122-4fe8-abc4-f818499efaca,12fed5d1-588e-441c-8749-5939e67d8f82,54eef350-1bf9-49d9-8ac1-0508e5b89a87,10,Physics,JW,completed,784e2171-e437-4283-b476-27f47095a340
bacd707c-e2d9-4fa2-ad60-f3df80bcd068,12fed5d1-588e-441c-8749-5939e67d8f82,54eef350-1bf9-49d9-8ac1-0508e5b89a87,1,Use of English,JW,completed,784e2171-e437-4283-b476-27f47095a340
9013f60f-1508-4371-b1b0-b94cb04f8444,163e6642-9c82-4319-869a-dd073c82f064,d95839c7-817c-417a-9aff-e4f2a83bef96,4,Chemistry,JW,completed,784e2171-e437-4283-b476-27f47095a340
92ebc237-2404-4ad4-b049-726f43ee136a,163e6642-9c82-4319-869a-dd073c82f064,d95839c7-817c-417a-9aff-e4f2a83bef96,6,Economics,JW,completed,784e2171-e437-4283-b476-27f47095a340
6d2bb65f-900d-439e-adac-92b45da2b2dc,163e6642-9c82-4319-869a-dd073c82f064,d95839c7-817c-417a-9aff-e4f2a83bef96,9,Mathematics,JW,completed,784e2171-e437-4283-b476-27f47095a340
4eb59615-8c34-4abc-8f66-67cbd1f371ab,163e6642-9c82-4319-869a-dd073c82f064,d95839c7-817c-417a-9aff-e4f2a83bef96,1,Use of English,JW,completed,784e2171-e437-4283-b476-27f47095a340
5486a629-620b-41d0-a537-cf79665d0bc3,170014d3-b50f-4ce2-bd6e-94d64d37025e,00599c03-9994-4693-a325-16dab2282429,3,Biology,JW,completed,784e2171-e437-4283-b476-27f47095a340
33499e25-185c-49f0-b805-55630cd4f333,170014d3-b50f-4ce2-bd6e-94d64d37025e,00599c03-9994-4693-a325-16dab2282429,4,Chemistry,JW,completed,784e2171-e437-4283-b476-27f47095a340
0c607a56-0fa7-4f01-a4b1-b066781f17c3,170014d3-b50f-4ce2-bd6e-94d64d37025e,00599c03-9994-4693-a325-16dab2282429,10,Physics,JW,completed,784e2171-e437-4283-b476-27f47095a340
1860c4ed-6e1e-4ff1-9a87-eacfe192c3b0,170014d3-b50f-4ce2-bd6e-94d64d37025e,00599c03-9994-4693-a325-16dab2282429,1,Use of English,JW,completed,784e2171-e437-4283-b476-27f47095a340
a2a9eec9-104e-4adc-bd4d-7920708366b4,1a024b6d-5153-434d-9647-5ce2b1da0129,b7b3ad1a-2406-465e-8f95-3c5c1752aa6b,4,Chemistry,JW,completed,784e2171-e437-4283-b476-27f47095a340
fbbdbd68-01d8-4a17-9f01-7280967fe72d,1a024b6d-5153-434d-9647-5ce2b1da0129,b7b3ad1a-2406-465e-8f95-3c5c1752aa6b,9,Mathematics,JW,completed,784e2171-e437-4283-b476-27f47095a340
37159e47-76e9-4171-9af5-9cb309893202,1a024b6d-5153-434d-9647-5ce2b1da0129,b7b3ad1a-2406-465e-8f95-3c5c1752aa6b,10,Physics,JW,completed,784e2171-e437-4283-b476-27f47095a340
a0ec8f65-2c0d-4c90-987f-fde61abd0d9b,1a024b6d-5153-434d-9647-5ce2b1da0129,b7b3ad1a-2406-465e-8f95-3c5c1752aa6b,1,Use of English,JW,completed,784e2171-e437-4283-b476-27f47095a340
4cd9e83c-a435-4b19-afff-b16ba583468b,1ad7e253-a1f9-4163-849b-c877431122d4,0d82cf97-e323-46aa-a060-da7b79f1fc63,3,Biology,JW,completed,784e2171-e437-4283-b476-27f47095a340
2374bda0-102c-4b03-81d7-d2999a63a478,1ad7e253-a1f9-4163-849b-c877431122d4,0d82cf97-e323-46aa-a060-da7b79f1fc63,4,Chemistry,JW,completed,784e2171-e437-4283-b476-27f47095a340
223cc741-853f-48da-8fc2-2f638fd48ea9,1ad7e253-a1f9-4163-849b-c877431122d4,0d82cf97-e323-46aa-a060-da7b79f1fc63,10,Physics,JW,completed,784e2171-e437-4283-b476-27f47095a340
40fdfb2d-74f3-4fc2-b25b-701fb1a11a24,1ad7e253-a1f9-4163-849b-c877431122d4,0d82cf97-e323-46aa-a060-da7b79f1fc63,1,Use of English,JW,completed,784e2171-e437-4283-b476-27f47095a340
399e3d37-b3a7-431f-842a-fb957580ea74,1ebcac3f-cc5f-4410-8738-da19e15732d7,0dd3ce13-b0b0-4939-89fc-e98e96548b86,6,Economics,JW,completed,784e2171-e437-4283-b476-27f47095a340
f1665976-0ab4-491a-b151-9694c1bd27f2,1ebcac3f-cc5f-4410-8738-da19e15732d7,0dd3ce13-b0b0-4939-89fc-e98e96548b86,8,Literature In English,JW,completed,784e2171-e437-4283-b476-27f47095a340
e6dd082b-ba4b-4f94-ac1a-8c85668ba70c,1ebcac3f-cc5f-4410-8738-da19e15732d7,0dd3ce13-b0b0-4939-89fc-e98e96548b86,9,Mathematics,JW,completed,784e2171-e437-4283-b476-27f47095a340
512297e8-fe5c-45b8-a242-69e855d6d39d,1ebcac3f-cc5f-4410-8738-da19e15732d7,0dd3ce13-b0b0-4939-89fc-e98e96548b86,1,Use of English,JW,completed,784e2171-e437-4283-b476-27f47095a340
660d20d8-800f-456b-979a-038aead39684,20a231b0-38e7-4155-b17d-c21f8ddbc916,9179aa19-609c-46ca-9e3c-8466019963c1,3,Biology,JW,completed,784e2171-e437-4283-b476-27f47095a340
0710abd7-fcab-4dcc-9e2a-d53ed87b8712,20a231b0-38e7-4155-b17d-c21f8ddbc916,9179aa19-609c-46ca-9e3c-8466019963c1,4,Chemistry,JW,completed,784e2171-e437-4283-b476-27f47095a340
511659fe-318f-408d-95ee-be7c3a59d139,20a231b0-38e7-4155-b17d-c21f8ddbc916,9179aa19-609c-46ca-9e3c-8466019963c1,10,Physics,JW,completed,784e2171-e437-4283-b476-27f47095a340
57b2772d-8462-4625-99f8-a8c126fdd206,20a231b0-38e7-4155-b17d-c21f8ddbc916,9179aa19-609c-46ca-9e3c-8466019963c1,1,Use of English,JW,completed,784e2171-e437-4283-b476-27f47095a340
5c10f01e-1029-4512-9c2c-ac0632aa1bc5,26be82e8-cc20-49a3-8653-4d76139f0212,07ca42dd-982d-4849-a862-878268c9daab,22,Christian Religious Studies,JW,completed,784e2171-e437-4283-b476-27f47095a340
e8fae5b3-4b44-4afc-ad14-8c00400b32c2,26be82e8-cc20-49a3-8653-4d76139f0212,07ca42dd-982d-4849-a862-878268c9daab,7,Government,JW,completed,784e2171-e437-4283-b476-27f47095a340
ec080de1-0ef0-4980-af37-a704c93f14b7,26be82e8-cc20-49a3-8653-4d76139f0212,07ca42dd-982d-4849-a862-878268c9daab,8,Literature In English,JW,completed,784e2171-e437-4283-b476-27f47095a340
e015a38a-b291-4d32-bd11-34e75550af0f,26be82e8-cc20-49a3-8653-4d76139f0212,07ca42dd-982d-4849-a862-878268c9daab,1,Use of English,JW,completed,784e2171-e437-4283-b476-27f47095a340
757f668e-5caf-4405-beeb-146a5289f640,28041fd6-9809-4c63-a30a-a4d996277bff,3e63d552-55a4-4e89-9340-6aa111d6e393,4,Chemistry,JW,completed,784e2171-e437-4283-b476-27f47095a340
08ea0d72-4311-4ee7-ab03-883ec45daed3,28041fd6-9809-4c63-a30a-a4d996277bff,3e63d552-55a4-4e89-9340-6aa111d6e393,9,Mathematics,JW,completed,784e2171-e437-4283-b476-27f47095a340
ec05b3e8-63c5-46a1-9cbb-2088354d9807,28041fd6-9809-4c63-a30a-a4d996277bff,3e63d552-55a4-4e89-9340-6aa111d6e393,10,Physics,JW,completed,784e2171-e437-4283-b476-27f47095a340
cd4705c2-ebbb-4a2a-81b8-7ab6974171fc,28041fd6-9809-4c63-a30a-a4d996277bff,3e63d552-55a4-4e89-9340-6aa111d6e393,1,Use of English,JW,completed,784e2171-e437-4283-b476-27f47095a340
28645344-5e32-479b-a0e1-f0afcf6f1eb5,2dff573b-007c-479f-a02d-fee46c1b8788,a6259403-4ced-46ab-a7bb-d39707aabb85,4,Chemistry,JW,completed,784e2171-e437-4283-b476-27f47095a340
a6c6edd2-871d-448c-8a91-e8c7538aa694,2dff573b-007c-479f-a02d-fee46c1b8788,a6259403-4ced-46ab-a7bb-d39707aabb85,9,Mathematics,JW,completed,784e2171-e437-4283-b476-27f47095a340
2549e85a-cdac-427d-a222-0b3180d5412d,2dff573b-007c-479f-a02d-fee46c1b8788,a6259403-4ced-46ab-a7bb-d39707aabb85,10,Physics,JW,completed,784e2171-e437-4283-b476-27f47095a340
6d397236-1841-43c7-b83e-c43c9f40687e,2dff573b-007c-479f-a02d-fee46c1b8788,a6259403-4ced-46ab-a7bb-d39707aabb85,1,Use of English,JW,completed,784e2171-e437-4283-b476-27f47095a340
acddf73e-fab4-4119-8562-b6885df1f957,39ae5661-9593-4bf6-8978-3d94dffe1e11,d3d1e2d7-f6c0-4b4a-893b-73587cc76096,3,Biology,JW,completed,784e2171-e437-4283-b476-27f47095a340
6cfc78d0-49d2-43c9-81fa-507b10585eeb,39ae5661-9593-4bf6-8978-3d94dffe1e11,d3d1e2d7-f6c0-4b4a-893b-73587cc76096,4,Chemistry,JW,completed,784e2171-e437-4283-b476-27f47095a340
6952daf7-ea97-4665-be33-c23b024f7ab7,39ae5661-9593-4bf6-8978-3d94dffe1e11,d3d1e2d7-f6c0-4b4a-893b-73587cc76096,10,Physics,JW,completed,784e2171-e437-4283-b476-27f47095a340
51350567-665f-4989-b540-a8f7d9d64110,39ae5661-9593-4bf6-8978-3d94dffe1e11,d3d1e2d7-f6c0-4b4a-893b-73587cc76096,1,Use of English,JW,completed,784e2171-e437-4283-b476-27f47095a340
525a4a16-97c4-4e48-8b20-276ab2d8cda9,3a272c37-0294-4f8d-a68f-904d4865e19e,21c6d1fb-e579-4833-ae89-7cfa4b2da241,3,Biology,JW,completed,784e2171-e437-4283-b476-27f47095a340
d3103b1d-3369-48af-9aa5-7e9285f90970,3a272c37-0294-4f8d-a68f-904d4865e19e,21c6d1fb-e579-4833-ae89-7cfa4b2da241,9,Mathematics,JW,completed,784e2171-e437-4283-b476-27f47095a340
52b1d226-69b6-4b5c-8294-a3db012c38a0,3a272c37-0294-4f8d-a68f-904d4865e19e,21c6d1fb-e579-4833-ae89-7cfa4b2da241,10,Physics,JW,completed,784e2171-e437-4283-b476-27f47095a340
90d7fe37-9f46-4277-b727-ec0e1db8b8e8,3a272c37-0294-4f8d-a68f-904d4865e19e,21c6d1fb-e579-4833-ae89-7cfa4b2da241,1,Use of English,JW,completed,784e2171-e437-4283-b476-27f47095a340
8f027678-6755-4176-947d-6d78d1e06529,3abba65f-6f32-4f44-a2f9-a25539ea7cf3,758a9e81-cd39-4020-9b2b-da7f7932730f,4,Chemistry,JW,completed,784e2171-e437-4283-b476-27f47095a340
5d14d239-63b2-43eb-a573-45439a0deb14,3abba65f-6f32-4f44-a2f9-a25539ea7cf3,758a9e81-cd39-4020-9b2b-da7f7932730f,9,Mathematics,JW,completed,784e2171-e437-4283-b476-27f47095a340
0dbf0f56-e7c9-44c6-8a50-5ee14a4f59a0,3abba65f-6f32-4f44-a2f9-a25539ea7cf3,758a9e81-cd39-4020-9b2b-da7f7932730f,10,Physics,JW,completed,784e2171-e437-4283-b476-27f47095a340
21132b40-f648-47f5-a38e-577bae54ff32,3abba65f-6f32-4f44-a2f9-a25539ea7cf3,758a9e81-cd39-4020-9b2b-da7f7932730f,1,Use of English,JW,completed,784e2171-e437-4283-b476-27f47095a340
f37bb598-7a90-4ed3-baf3-d6823dc6b5bb,3c364eda-47d8-46d9-b450-3905dce05970,8be1aa41-2916-4b43-9439-6fa924b62248,3,Biology,JW,completed,784e2171-e437-4283-b476-27f47095a340
a828bf0d-ef1b-41c8-b2e2-83a01c08da41,3c364eda-47d8-46d9-b450-3905dce05970,8be1aa41-2916-4b43-9439-6fa924b62248,4,Chemistry,JW,completed,784e2171-e437-4283-b476-27f47095a340
07ca98b4-1735-40f3-b219-e7383a495784,3c364eda-47d8-46d9-b450-3905dce05970,8be1aa41-2916-4b43-9439-6fa924b62248,10,Physics,JW,completed,784e2171-e437-4283-b476-27f47095a340
752251f5-191c-41f1-a4df-2bc02d885181,3c364eda-47d8-46d9-b450-3905dce05970,8be1aa41-2916-4b43-9439-6fa924b62248,1,Use of English,JW,completed,784e2171-e437-4283-b476-27f47095a340
69e497e5-7507-4953-a402-4ca9ac0dcca5,3cda25b4-a74a-41f4-b05a-41cbbf3b0e97,9defd6c1-bc7e-4d9d-9aaa-0ef022f6fdb4,6,Economics,JW,completed,784e2171-e437-4283-b476-27f47095a340
fd4cbe00-9494-43d2-a517-531f853cd28a,3cda25b4-a74a-41f4-b05a-41cbbf3b0e97,9defd6c1-bc7e-4d9d-9aaa-0ef022f6fdb4,7,Government,JW,completed,784e2171-e437-4283-b476-27f47095a340
080734d9-41ae-4a13-93ab-c915b4dfc0fb,3cda25b4-a74a-41f4-b05a-41cbbf3b0e97,9defd6c1-bc7e-4d9d-9aaa-0ef022f6fdb4,9,Mathematics,JW,completed,784e2171-e437-4283-b476-27f47095a340
c803f68e-ca2f-4f9d-9aaa-b826429915d5,3cda25b4-a74a-41f4-b05a-41cbbf3b0e97,9defd6c1-bc7e-4d9d-9aaa-0ef022f6fdb4,1,Use of English,JW,completed,784e2171-e437-4283-b476-27f47095a340
12afb07e-7fc0-458f-a557-4941e81e9101,4691656b-dd21-43eb-ba1e-53497a715b44,542097c0-7dcd-4ef6-b47c-0977f2ec52e7,3,Biology,JW,pending,784e2171-e437-4283-b476-27f47095a340
2ec20b5e-3364-4ae0-a7dc-8d8a2c3597f8,4691656b-dd21-43eb-ba1e-53497a715b44,542097c0-7dcd-4ef6-b47c-0977f2ec52e7,4,Chemistry,JW,pending,784e2171-e437-4283-b476-27f47095a340
a274fcbc-bab6-4ed5-91d4-37f963f2b6ed,4691656b-dd21-43eb-ba1e-53497a715b44,542097c0-7dcd-4ef6-b47c-0977f2ec52e7,10,Physics,JW,pending,784e2171-e437-4283-b476-27f47095a340
4e3ca753-cc9e-4ee7-869b-98e15d4cdfba,4691656b-dd21-43eb-ba1e-53497a715b44,542097c0-7dcd-4ef6-b47c-0977f2ec52e7,1,Use of English,JW,pending,784e2171-e437-4283-b476-27f47095a340
0b005096-b4ec-40af-82f5-809dec59ae99,4e427699-1415-42fe-b8cc-791c3158d805,c0cb1223-d089-466f-a8ae-375790e5d226,3,Biology,JW,completed,784e2171-e437-4283-b476-27f47095a340
cf0e693d-de5f-473e-8668-0944c670ca4e,4e427699-1415-42fe-b8cc-791c3158d805,c0cb1223-d089-466f-a8ae-375790e5d226,9,Mathematics,JW,completed,784e2171-e437-4283-b476-27f47095a340
36d4a696-09de-4a80-ba28-973647397ce2,4e427699-1415-42fe-b8cc-791c3158d805,c0cb1223-d089-466f-a8ae-375790e5d226,10,Physics,JW,completed,784e2171-e437-4283-b476-27f47095a340
9898ab46-e0ac-4688-b646-15eaf0338483,4e427699-1415-42fe-b8cc-791c3158d805,c0cb1223-d089-466f-a8ae-375790e5d226,1,Use of English,JW,completed,784e2171-e437-4283-b476-27f47095a340
a1572ab2-2065-4bc9-8106-3afa8ac16b03,502a6061-263d-420d-9723-a5cf707aa3cc,6b94962a-479a-4a4f-aa3a-8132464099fc,3,Biology,JW,completed,784e2171-e437-4283-b476-27f47095a340
19151261-1e09-4635-ad3c-9f43c4c4596a,502a6061-263d-420d-9723-a5cf707aa3cc,6b94962a-479a-4a4f-aa3a-8132464099fc,4,Chemistry,JW,completed,784e2171-e437-4283-b476-27f47095a340
e3b25cb0-9994-479b-8dfe-964a63eb6eac,502a6061-263d-420d-9723-a5cf707aa3cc,6b94962a-479a-4a4f-aa3a-8132464099fc,10,Physics,JW,completed,784e2171-e437-4283-b476-27f47095a340
708f9b71-4eb8-4574-8d33-a3da500de489,502a6061-263d-420d-9723-a5cf707aa3cc,6b94962a-479a-4a4f-aa3a-8132464099fc,1,Use of English,JW,completed,784e2171-e437-4283-b476-27f47095a340
98054a21-7aad-40cd-b280-4b4f0083db1e,50365c99-2c72-4067-8ed7-3ae395489d0a,35af80b4-757e-49d7-8070-90194f135a52,4,Chemistry,JW,completed,784e2171-e437-4283-b476-27f47095a340
89561586-ade8-4c43-b63f-b2826830f4dd,50365c99-2c72-4067-8ed7-3ae395489d0a,35af80b4-757e-49d7-8070-90194f135a52,9,Mathematics,JW,completed,784e2171-e437-4283-b476-27f47095a340
2023fd77-3623-46af-930f-4e8c01a69fb2,50365c99-2c72-4067-8ed7-3ae395489d0a,35af80b4-757e-49d7-8070-90194f135a52,10,Physics,JW,completed,784e2171-e437-4283-b476-27f47095a340
2eda9536-df8c-4261-b927-c094bb3d900d,50365c99-2c72-4067-8ed7-3ae395489d0a,35af80b4-757e-49d7-8070-90194f135a52,1,Use of English,JW,completed,784e2171-e437-4283-b476-27f47095a340
fa5d0c00-f6ea-4baa-89da-923f78d3f90b,509f1c20-3d11-42a9-89ed-a48ba9f37f7b,2cbb16ca-f2d6-4e0a-8931-d0b4927cdb4f,3,Biology,JW,completed,784e2171-e437-4283-b476-27f47095a340
58602530-17e4-4e27-9e03-fe2efe4ddaf9,509f1c20-3d11-42a9-89ed-a48ba9f37f7b,2cbb16ca-f2d6-4e0a-8931-d0b4927cdb4f,4,Chemistry,JW,completed,784e2171-e437-4283-b476-27f47095a340
8a61cbe3-a993-45e0-98e5-03d3c8bc03a3,509f1c20-3d11-42a9-89ed-a48ba9f37f7b,2cbb16ca-f2d6-4e0a-8931-d0b4927cdb4f,10,Physics,JW,completed,784e2171-e437-4283-b476-27f47095a340
5cababf1-0f4a-4570-b802-e060d87afdaf,509f1c20-3d11-42a9-89ed-a48ba9f37f7b,2cbb16ca-f2d6-4e0a-8931-d0b4927cdb4f,1,Use of English,JW,completed,784e2171-e437-4283-b476-27f47095a340
5a208c8b-8eca-48dc-a01a-138ecfd2f3dc,5315a653-ec8b-4bab-9a2b-80079c724f6a,fb2911b4-88d0-442b-ab43-a5c472bd77f8,3,Biology,JW,completed,784e2171-e437-4283-b476-27f47095a340
7eb00124-00dd-4970-820f-10db3e7749e4,5315a653-ec8b-4bab-9a2b-80079c724f6a,fb2911b4-88d0-442b-ab43-a5c472bd77f8,4,Chemistry,JW,completed,784e2171-e437-4283-b476-27f47095a340
806e2a57-1cc6-43b4-94fb-0bc83ec5db11,5315a653-ec8b-4bab-9a2b-80079c724f6a,fb2911b4-88d0-442b-ab43-a5c472bd77f8,10,Physics,JW,completed,784e2171-e437-4283-b476-27f47095a340
f9eb0f8e-11a0-423a-9231-9b0d14bf5bdf,5315a653-ec8b-4bab-9a2b-80079c724f6a,fb2911b4-88d0-442b-ab43-a5c472bd77f8,1,Use of English,JW,completed,784e2171-e437-4283-b476-27f47095a340
e61a663d-6cce-4f2a-baf2-9a06b62f5621,562ca582-8747-4786-a589-64e9eb102258,938be11d-275a-49ca-a940-191eaccd4933,3,Biology,JW,completed,784e2171-e437-4283-b476-27f47095a340
6c78483a-4e34-45d8-b32b-33d0cf1c18c1,562ca582-8747-4786-a589-64e9eb102258,938be11d-275a-49ca-a940-191eaccd4933,4,Chemistry,JW,completed,784e2171-e437-4283-b476-27f47095a340
7a1e6796-d51b-4868-9d5e-2402a71c2793,562ca582-8747-4786-a589-64e9eb102258,938be11d-275a-49ca-a940-191eaccd4933,10,Physics,JW,completed,784e2171-e437-4283-b476-27f47095a340
66f95c6f-176a-45e2-bc73-03899b7edf72,562ca582-8747-4786-a589-64e9eb102258,938be11d-275a-49ca-a940-191eaccd4933,1,Use of English,JW,completed,784e2171-e437-4283-b476-27f47095a340
d0f260cb-6fcf-41f2-b3b2-63df520cee07,584cf0aa-d1f7-4199-a764-03be26129803,6a0f92f0-d433-4f6f-8692-ff988b9a3032,3,Biology,JW,completed,784e2171-e437-4283-b476-27f47095a340
1d6c04f9-1e8a-4ac2-bce0-454e6f3cfd39,584cf0aa-d1f7-4199-a764-03be26129803,6a0f92f0-d433-4f6f-8692-ff988b9a3032,4,Chemistry,JW,completed,784e2171-e437-4283-b476-27f47095a340
c5f63e60-39d2-4b72-a0e3-081bd7f716eb,584cf0aa-d1f7-4199-a764-03be26129803,6a0f92f0-d433-4f6f-8692-ff988b9a3032,22,Christian Religious Studies,JW,completed,784e2171-e437-4283-b476-27f47095a340
3f56178f-1939-456f-8c0d-77eecef4a78d,584cf0aa-d1f7-4199-a764-03be26129803,6a0f92f0-d433-4f6f-8692-ff988b9a3032,1,Use of English,JW,completed,784e2171-e437-4283-b476-27f47095a340
41bcafeb-4696-4cd3-bebe-3a24b11bc870,5ac35d02-d326-441b-9c4e-3227b171baa0,67c97824-cde6-4ee0-88b6-af3edacdd1a9,3,Biology,JW,completed,784e2171-e437-4283-b476-27f47095a340
bbed15ec-34ba-435c-85fb-0b10dfc55260,5ac35d02-d326-441b-9c4e-3227b171baa0,67c97824-cde6-4ee0-88b6-af3edacdd1a9,4,Chemistry,JW,completed,784e2171-e437-4283-b476-27f47095a340
69e813f5-4ba5-4b63-9c19-9fa13894084d,5ac35d02-d326-441b-9c4e-3227b171baa0,67c97824-cde6-4ee0-88b6-af3edacdd1a9,10,Physics,JW,completed,784e2171-e437-4283-b476-27f47095a340
bbec7c84-251a-43f0-88fb-4df514d14022,5ac35d02-d326-441b-9c4e-3227b171baa0,67c97824-cde6-4ee0-88b6-af3edacdd1a9,1,Use of English,JW,completed,784e2171-e437-4283-b476-27f47095a340
df57eef2-97c6-4b60-9f2e-0e893a86a8ac,5f2e5c86-2760-476e-bf02-ba66f93ba528,731afaa3-7f1a-4d38-bba4-b7405b4e8a02,3,Biology,JW,completed,784e2171-e437-4283-b476-27f47095a340
3c4c4f6d-e8b3-4b23-9ed9-2aefd1c7f477,5f2e5c86-2760-476e-bf02-ba66f93ba528,731afaa3-7f1a-4d38-bba4-b7405b4e8a02,4,Chemistry,JW,completed,784e2171-e437-4283-b476-27f47095a340
7cdef3ba-4da9-4e65-afac-abdcf4924b9c,5f2e5c86-2760-476e-bf02-ba66f93ba528,731afaa3-7f1a-4d38-bba4-b7405b4e8a02,10,Physics,JW,completed,784e2171-e437-4283-b476-27f47095a340
5dcd4fff-5d00-4a77-87cf-9fc40f1a21d9,5f2e5c86-2760-476e-bf02-ba66f93ba528,731afaa3-7f1a-4d38-bba4-b7405b4e8a02,1,Use of English,JW,completed,784e2171-e437-4283-b476-27f47095a340
eea48280-c747-44c7-958c-b41a24198d04,63bde9fe-40e9-4dc4-b919-9127580fd5ec,cbe79876-c2ec-4a04-8550-7181889a3ac2,3,Biology,JW,completed,784e2171-e437-4283-b476-27f47095a340
90c02cb6-75ac-4163-bd2f-dafa0d44991c,63bde9fe-40e9-4dc4-b919-9127580fd5ec,cbe79876-c2ec-4a04-8550-7181889a3ac2,4,Chemistry,JW,completed,784e2171-e437-4283-b476-27f47095a340
d02d31ab-2ac6-4f9f-bfc9-6146410dd4fd,63bde9fe-40e9-4dc4-b919-9127580fd5ec,cbe79876-c2ec-4a04-8550-7181889a3ac2,10,Physics,JW,completed,784e2171-e437-4283-b476-27f47095a340
a7c10f70-da05-4b12-958e-694983d484bf,63bde9fe-40e9-4dc4-b919-9127580fd5ec,cbe79876-c2ec-4a04-8550-7181889a3ac2,1,Use of English,JW,completed,784e2171-e437-4283-b476-27f47095a340
a8dcd47d-cea5-43c3-be8c-eede841986f9,67606205-053b-4b0d-ad13-0b54dffdeb86,15233e1c-565a-4229-943c-707faa385d93,3,Biology,JW,completed,784e2171-e437-4283-b476-27f47095a340
b4f4e075-63dd-439b-9103-9a6745c42be4,67606205-053b-4b0d-ad13-0b54dffdeb86,15233e1c-565a-4229-943c-707faa385d93,4,Chemistry,JW,completed,784e2171-e437-4283-b476-27f47095a340
b0d184b0-598f-41dc-87ba-72510838afe1,67606205-053b-4b0d-ad13-0b54dffdeb86,15233e1c-565a-4229-943c-707faa385d93,10,Physics,JW,completed,784e2171-e437-4283-b476-27f47095a340
1262acaf-8f6c-4435-bd3e-1a05758f46e0,67606205-053b-4b0d-ad13-0b54dffdeb86,15233e1c-565a-4229-943c-707faa385d93,1,Use of English,JW,completed,784e2171-e437-4283-b476-27f47095a340
b2219546-bbc8-4675-ba13-d2bbac638b8c,690d5ec6-566b-4f37-ab3d-af9415a05025,0ccf47bd-0206-4782-973f-05ff1d659d8c,22,Christian Religious Studies,JW,completed,784e2171-e437-4283-b476-27f47095a340
a5c9c193-1ac4-48d9-a3e2-320a6691966b,690d5ec6-566b-4f37-ab3d-af9415a05025,0ccf47bd-0206-4782-973f-05ff1d659d8c,7,Government,JW,completed,784e2171-e437-4283-b476-27f47095a340
1e9f37f0-64c3-4b3e-bacc-0ef3e27232d2,690d5ec6-566b-4f37-ab3d-af9415a05025,0ccf47bd-0206-4782-973f-05ff1d659d8c,8,Literature In English,JW,completed,784e2171-e437-4283-b476-27f47095a340
31251758-892c-4b15-aefe-94074755e2d6,690d5ec6-566b-4f37-ab3d-af9415a05025,0ccf47bd-0206-4782-973f-05ff1d659d8c,1,Use of English,JW,completed,784e2171-e437-4283-b476-27f47095a340
28f5db25-87d2-4454-8c98-406b44e1fd12,69a70f96-23cc-43c3-a6b3-279c4ca142d1,20f8b609-c3cc-45ac-9766-22dccec79fd9,3,Biology,JW,completed,784e2171-e437-4283-b476-27f47095a340
ec15d860-e6f3-424a-ad3f-4edbc1fbb312,69a70f96-23cc-43c3-a6b3-279c4ca142d1,20f8b609-c3cc-45ac-9766-22dccec79fd9,4,Chemistry,JW,completed,784e2171-e437-4283-b476-27f47095a340
460c2111-bc05-49d7-861e-deb148dd4b1e,69a70f96-23cc-43c3-a6b3-279c4ca142d1,20f8b609-c3cc-45ac-9766-22dccec79fd9,10,Physics,JW,completed,784e2171-e437-4283-b476-27f47095a340
68e11ad1-e2da-4db0-8edc-1e9be8f9b036,69a70f96-23cc-43c3-a6b3-279c4ca142d1,20f8b609-c3cc-45ac-9766-22dccec79fd9,1,Use of English,JW,completed,784e2171-e437-4283-b476-27f47095a340
4470f4f6-a61e-426a-9c04-7f1cc2b7b9ec,6b30501c-4472-4622-8f59-72726065de62,8bdff018-fea3-4cbd-b2fe-cd752384a022,22,Christian Religious Studies,JW,completed,784e2171-e437-4283-b476-27f47095a340
c284ef4c-1ffb-4d70-9547-c9d70ac30373,6b30501c-4472-4622-8f59-72726065de62,8bdff018-fea3-4cbd-b2fe-cd752384a022,7,Government,JW,completed,784e2171-e437-4283-b476-27f47095a340
fe675754-5f95-4329-aaa2-6435061ee062,6b30501c-4472-4622-8f59-72726065de62,8bdff018-fea3-4cbd-b2fe-cd752384a022,8,Literature In English,JW,completed,784e2171-e437-4283-b476-27f47095a340
927d567c-1261-4719-b189-b42383270086,6b30501c-4472-4622-8f59-72726065de62,8bdff018-fea3-4cbd-b2fe-cd752384a022,1,Use of English,JW,completed,784e2171-e437-4283-b476-27f47095a340
94f68c0b-8d74-4939-97da-b09d65b4b330,6e8c4852-f4a8-46aa-a840-fe82c170b037,fed65d3e-97c4-4617-8fa8-927bb881eb60,3,Biology,JW,completed,784e2171-e437-4283-b476-27f47095a340
263725fd-62bc-4bbe-92c4-085d447a7823,6e8c4852-f4a8-46aa-a840-fe82c170b037,fed65d3e-97c4-4617-8fa8-927bb881eb60,4,Chemistry,JW,completed,784e2171-e437-4283-b476-27f47095a340
a3677827-37a7-42eb-b950-c8a9ba2514ba,6e8c4852-f4a8-46aa-a840-fe82c170b037,fed65d3e-97c4-4617-8fa8-927bb881eb60,10,Physics,JW,completed,784e2171-e437-4283-b476-27f47095a340
d0ab84f1-2acb-4013-b3b0-65d0ea34a26f,6e8c4852-f4a8-46aa-a840-fe82c170b037,fed65d3e-97c4-4617-8fa8-927bb881eb60,1,Use of English,JW,completed,784e2171-e437-4283-b476-27f47095a340
6d82dae0-12bb-474a-89e2-ba967cd459a1,6f236a54-4fb9-4119-af14-05d8f6cce802,b0799a84-70c0-411b-a1d5-b142b1172160,4,Chemistry,JW,completed,784e2171-e437-4283-b476-27f47095a340
5bd6b4d3-dd81-4a33-9f5d-dfe20105d194,6f236a54-4fb9-4119-af14-05d8f6cce802,b0799a84-70c0-411b-a1d5-b142b1172160,9,Mathematics,JW,completed,784e2171-e437-4283-b476-27f47095a340
7c7cad4e-645b-49db-a5af-13cb3ee72be4,6f236a54-4fb9-4119-af14-05d8f6cce802,b0799a84-70c0-411b-a1d5-b142b1172160,10,Physics,JW,completed,784e2171-e437-4283-b476-27f47095a340
0b70dc2e-e52e-4853-a1e9-4a19ae76a101,6f236a54-4fb9-4119-af14-05d8f6cce802,b0799a84-70c0-411b-a1d5-b142b1172160,1,Use of English,JW,completed,784e2171-e437-4283-b476-27f47095a340
2f28f7cd-7ede-4bd6-9090-49fdebb2356c,7081d456-5c4d-4ceb-896d-2a3671ddf999,ea3aeb0d-2457-41bb-b860-9b533fb4e9eb,4,Chemistry,JW,completed,784e2171-e437-4283-b476-27f47095a340
f845f06b-7296-4a49-96a7-2396fd242a4c,7081d456-5c4d-4ceb-896d-2a3671ddf999,ea3aeb0d-2457-41bb-b860-9b533fb4e9eb,9,Mathematics,JW,completed,784e2171-e437-4283-b476-27f47095a340
10a37226-d80a-4eb7-b797-6003280f6b53,7081d456-5c4d-4ceb-896d-2a3671ddf999,ea3aeb0d-2457-41bb-b860-9b533fb4e9eb,10,Physics,JW,completed,784e2171-e437-4283-b476-27f47095a340
7b849d6b-c8f1-4b67-b369-be8fd0cbb7cc,7081d456-5c4d-4ceb-896d-2a3671ddf999,ea3aeb0d-2457-41bb-b860-9b533fb4e9eb,1,Use of English,JW,completed,784e2171-e437-4283-b476-27f47095a340
4ccf0796-c075-4eb4-a27a-f39bef219de2,73dd5bc2-fed8-46a0-907a-abe287edbe6e,e762ea49-c50d-4962-908d-69803b629ed0,4,Chemistry,JW,completed,784e2171-e437-4283-b476-27f47095a340
dfcf5eaa-2e3a-46e4-84fa-5aa9d3356dcc,73dd5bc2-fed8-46a0-907a-abe287edbe6e,e762ea49-c50d-4962-908d-69803b629ed0,9,Mathematics,JW,completed,784e2171-e437-4283-b476-27f47095a340
5e6ff87e-2e99-4789-981a-f516f95be19a,73dd5bc2-fed8-46a0-907a-abe287edbe6e,e762ea49-c50d-4962-908d-69803b629ed0,10,Physics,JW,completed,784e2171-e437-4283-b476-27f47095a340
450eabbc-0176-4570-a5a7-77347425661b,73dd5bc2-fed8-46a0-907a-abe287edbe6e,e762ea49-c50d-4962-908d-69803b629ed0,1,Use of English,JW,completed,784e2171-e437-4283-b476-27f47095a340
39b0b466-3138-431a-a368-6385cd1b222d,7816dffa-c7ae-4ba1-b1ae-49977971515d,f7fe310f-ee5e-4292-b970-e36a1085cf2a,6,Economics,JW,completed,784e2171-e437-4283-b476-27f47095a340
af21d33c-72cb-443c-bd3a-1f041db98fcb,7816dffa-c7ae-4ba1-b1ae-49977971515d,f7fe310f-ee5e-4292-b970-e36a1085cf2a,7,Government,JW,completed,784e2171-e437-4283-b476-27f47095a340
bc0ef355-e731-44ce-b6cc-e2d1fefdeff0,7816dffa-c7ae-4ba1-b1ae-49977971515d,f7fe310f-ee5e-4292-b970-e36a1085cf2a,9,Mathematics,JW,completed,784e2171-e437-4283-b476-27f47095a340
98301db3-5ee7-43b3-8cc4-234faa627200,7816dffa-c7ae-4ba1-b1ae-49977971515d,f7fe310f-ee5e-4292-b970-e36a1085cf2a,1,Use of English,JW,completed,784e2171-e437-4283-b476-27f47095a340
2cf1fcc9-8981-460f-8d19-4f174f53a4ae,7d177e98-85d9-475f-99a3-46de07a30c2d,b0b6123a-c7a1-448a-8826-d783d8084c0a,3,Biology,JW,completed,784e2171-e437-4283-b476-27f47095a340
11cf7623-74f6-49fd-82c0-a8825bff72c3,7d177e98-85d9-475f-99a3-46de07a30c2d,b0b6123a-c7a1-448a-8826-d783d8084c0a,7,Government,JW,completed,784e2171-e437-4283-b476-27f47095a340
03cb5556-b0ab-48f9-81aa-4e951d8f10e1,7d177e98-85d9-475f-99a3-46de07a30c2d,b0b6123a-c7a1-448a-8826-d783d8084c0a,9,Mathematics,JW,completed,784e2171-e437-4283-b476-27f47095a340
14d1d992-82e9-4b5e-b2b1-dbc5eb814d8e,7d177e98-85d9-475f-99a3-46de07a30c2d,b0b6123a-c7a1-448a-8826-d783d8084c0a,1,Use of English,JW,completed,784e2171-e437-4283-b476-27f47095a340
f88e3688-4935-479d-bc16-30d3c42d949f,7dec3e5e-d594-401b-976f-0dde72184e9e,5913be91-050a-4533-801e-05f2879610e5,3,Biology,JW,completed,784e2171-e437-4283-b476-27f47095a340
ffcde407-dfbb-4885-b0f4-674f3a71c94a,7dec3e5e-d594-401b-976f-0dde72184e9e,5913be91-050a-4533-801e-05f2879610e5,4,Chemistry,JW,completed,784e2171-e437-4283-b476-27f47095a340
11409d9a-85bf-46c6-9bfd-3abedd0edfe9,7dec3e5e-d594-401b-976f-0dde72184e9e,5913be91-050a-4533-801e-05f2879610e5,10,Physics,JW,completed,784e2171-e437-4283-b476-27f47095a340
8bc4ddc0-8abb-4db0-a0f9-a05a80aecdd4,7dec3e5e-d594-401b-976f-0dde72184e9e,5913be91-050a-4533-801e-05f2879610e5,1,Use of English,JW,completed,784e2171-e437-4283-b476-27f47095a340
25c73006-7e39-4d81-b29a-c57d76589eef,81ba18e6-515b-4b79-aeec-8289dcb5e1dc,5f96399e-4fc9-4369-a1c7-2cc7a8c74c31,3,Biology,JW,completed,784e2171-e437-4283-b476-27f47095a340
31c11ce7-dbab-4b24-a6ce-536aa7bc404d,81ba18e6-515b-4b79-aeec-8289dcb5e1dc,5f96399e-4fc9-4369-a1c7-2cc7a8c74c31,4,Chemistry,JW,completed,784e2171-e437-4283-b476-27f47095a340
a56049dc-2ace-4b04-a474-a33cb4e96b6f,81ba18e6-515b-4b79-aeec-8289dcb5e1dc,5f96399e-4fc9-4369-a1c7-2cc7a8c74c31,10,Physics,JW,completed,784e2171-e437-4283-b476-27f47095a340
bcd9dc1a-bf46-4cfa-95e6-2ca8df7315ab,81ba18e6-515b-4b79-aeec-8289dcb5e1dc,5f96399e-4fc9-4369-a1c7-2cc7a8c74c31,1,Use of English,JW,completed,784e2171-e437-4283-b476-27f47095a340
3fbcb650-d813-4d08-a3ee-bc43a03ce4d8,82735383-de83-470c-8830-0331b21e4b7f,204a8c79-2409-4d0a-a92d-ed3c28e436d2,3,Biology,JW,completed,784e2171-e437-4283-b476-27f47095a340
d4c4c359-6a58-452a-a3e4-86494bd6c110,82735383-de83-470c-8830-0331b21e4b7f,204a8c79-2409-4d0a-a92d-ed3c28e436d2,4,Chemistry,JW,completed,784e2171-e437-4283-b476-27f47095a340
08ce1704-d13e-47b8-bb6e-368340c96e19,82735383-de83-470c-8830-0331b21e4b7f,204a8c79-2409-4d0a-a92d-ed3c28e436d2,10,Physics,JW,completed,784e2171-e437-4283-b476-27f47095a340
ce998050-3f52-460e-990b-258940780a6c,82735383-de83-470c-8830-0331b21e4b7f,204a8c79-2409-4d0a-a92d-ed3c28e436d2,1,Use of English,JW,completed,784e2171-e437-4283-b476-27f47095a340
54bef3dd-4947-45a3-a3dd-b23401cdd0ef,88320966-c3d0-4d28-886f-a58567bb30a9,9cab2b6e-1760-4e03-a48f-164463609387,3,Biology,JW,completed,784e2171-e437-4283-b476-27f47095a340
25a776bb-c697-45f1-ac4d-d13b7463d007,88320966-c3d0-4d28-886f-a58567bb30a9,9cab2b6e-1760-4e03-a48f-164463609387,4,Chemistry,JW,completed,784e2171-e437-4283-b476-27f47095a340
a7b0c02e-a4b6-4440-a708-637d8fb4d6e6,88320966-c3d0-4d28-886f-a58567bb30a9,9cab2b6e-1760-4e03-a48f-164463609387,10,Physics,JW,completed,784e2171-e437-4283-b476-27f47095a340
77dbc0a2-6194-4c92-b2af-e8d3d6403135,88320966-c3d0-4d28-886f-a58567bb30a9,9cab2b6e-1760-4e03-a48f-164463609387,1,Use of English,JW,completed,784e2171-e437-4283-b476-27f47095a340
c80040db-ec04-4b1b-aebc-f70a3a81ac44,8858f392-686d-4a05-bcd0-56cb7c224d0f,c4cababc-dc24-41ed-b70b-4883ff08e692,3,Biology,JW,completed,784e2171-e437-4283-b476-27f47095a340
f9ca94a9-bda1-42f4-8def-77cbcee28869,8858f392-686d-4a05-bcd0-56cb7c224d0f,c4cababc-dc24-41ed-b70b-4883ff08e692,4,Chemistry,JW,completed,784e2171-e437-4283-b476-27f47095a340
606f430e-c5e7-422d-947c-1166df2fa2d8,8858f392-686d-4a05-bcd0-56cb7c224d0f,c4cababc-dc24-41ed-b70b-4883ff08e692,10,Physics,JW,completed,784e2171-e437-4283-b476-27f47095a340
f42694ad-4301-407a-8c65-61062f615caf,8858f392-686d-4a05-bcd0-56cb7c224d0f,c4cababc-dc24-41ed-b70b-4883ff08e692,1,Use of English,JW,completed,784e2171-e437-4283-b476-27f47095a340
b91a3f10-78e8-40b0-b700-60a21f3d63c7,89ea19c1-675f-45ca-9898-e4648b988730,0599e0f7-a476-405f-8f29-2e58be1986ba,4,Chemistry,JW,completed,784e2171-e437-4283-b476-27f47095a340
a4faf001-c4b0-4cc1-b7b6-2f5d10d8b9fe,89ea19c1-675f-45ca-9898-e4648b988730,0599e0f7-a476-405f-8f29-2e58be1986ba,9,Mathematics,JW,completed,784e2171-e437-4283-b476-27f47095a340
7da1767d-4a80-409f-ad27-513ac3286c9c,89ea19c1-675f-45ca-9898-e4648b988730,0599e0f7-a476-405f-8f29-2e58be1986ba,10,Physics,JW,completed,784e2171-e437-4283-b476-27f47095a340
701adbca-a2f1-4d36-8135-f0ceed61ebb6,89ea19c1-675f-45ca-9898-e4648b988730,0599e0f7-a476-405f-8f29-2e58be1986ba,1,Use of English,JW,completed,784e2171-e437-4283-b476-27f47095a340
83f372ec-8e62-4a89-81d6-49f3546bf588,93bb7edf-d61d-416f-aa2e-f18ce4fff2d8,12619c09-3d3c-4db1-90f4-60dec50cf9cd,22,Christian Religious Studies,JW,completed,784e2171-e437-4283-b476-27f47095a340
96c09f72-4c23-4cea-923a-47a148bb1bef,93bb7edf-d61d-416f-aa2e-f18ce4fff2d8,12619c09-3d3c-4db1-90f4-60dec50cf9cd,7,Government,JW,completed,784e2171-e437-4283-b476-27f47095a340
d1bb5027-a554-4bef-a17d-60c818668dc9,93bb7edf-d61d-416f-aa2e-f18ce4fff2d8,12619c09-3d3c-4db1-90f4-60dec50cf9cd,8,Literature In English,JW,completed,784e2171-e437-4283-b476-27f47095a340
c8cc5d67-051a-4318-b19c-be102f49fe63,93bb7edf-d61d-416f-aa2e-f18ce4fff2d8,12619c09-3d3c-4db1-90f4-60dec50cf9cd,1,Use of English,JW,completed,784e2171-e437-4283-b476-27f47095a340
da341526-449d-4ff1-8a10-e97c6060f8c8,97355da0-cbf7-4f10-9c8b-c0514b5d8ec7,51c1fd71-a0c3-450a-9ce0-60acea59b7f4,4,Chemistry,JW,completed,784e2171-e437-4283-b476-27f47095a340
bab15ff4-4d87-41e3-9ecd-2cf0306ddbe1,97355da0-cbf7-4f10-9c8b-c0514b5d8ec7,51c1fd71-a0c3-450a-9ce0-60acea59b7f4,9,Mathematics,JW,completed,784e2171-e437-4283-b476-27f47095a340
0a0e44db-8fab-4aed-86d3-b5e96e7b5505,97355da0-cbf7-4f10-9c8b-c0514b5d8ec7,51c1fd71-a0c3-450a-9ce0-60acea59b7f4,10,Physics,JW,completed,784e2171-e437-4283-b476-27f47095a340
49a86cf9-f28f-4d71-8cfd-cfe3aa59c87e,97355da0-cbf7-4f10-9c8b-c0514b5d8ec7,51c1fd71-a0c3-450a-9ce0-60acea59b7f4,1,Use of English,JW,completed,784e2171-e437-4283-b476-27f47095a340
bf44dc87-d04c-4227-8501-be728c0e626a,a1ebadd7-1884-475a-8b4e-ea805c60e863,47b30b9b-6b9e-45f9-8399-b7cc71ee0a40,3,Biology,JW,completed,784e2171-e437-4283-b476-27f47095a340
10bac2b1-94cb-4f69-a69c-e6def700c7d3,a1ebadd7-1884-475a-8b4e-ea805c60e863,47b30b9b-6b9e-45f9-8399-b7cc71ee0a40,4,Chemistry,JW,completed,784e2171-e437-4283-b476-27f47095a340
2b0032b6-8d38-4311-884b-56acfececfcb,a1ebadd7-1884-475a-8b4e-ea805c60e863,47b30b9b-6b9e-45f9-8399-b7cc71ee0a40,10,Physics,JW,completed,784e2171-e437-4283-b476-27f47095a340
cec985f9-d8d9-41f8-8cf7-ee7ccfbfaddb,a1ebadd7-1884-475a-8b4e-ea805c60e863,47b30b9b-6b9e-45f9-8399-b7cc71ee0a40,1,Use of English,JW,completed,784e2171-e437-4283-b476-27f47095a340
3cb3de8e-7ea5-48be-97c3-9b7323d43279,a2cb6a6e-97d9-46dd-a925-0b25f176a034,ab8fbffb-bcf0-4dcf-8dfe-46c4349be609,4,Chemistry,JW,completed,784e2171-e437-4283-b476-27f47095a340
0ba85c5a-4846-4f1e-989b-5e29a06a2271,a2cb6a6e-97d9-46dd-a925-0b25f176a034,ab8fbffb-bcf0-4dcf-8dfe-46c4349be609,6,Economics,JW,completed,784e2171-e437-4283-b476-27f47095a340
3993737f-782c-4ae2-ac58-282550901936,a2cb6a6e-97d9-46dd-a925-0b25f176a034,ab8fbffb-bcf0-4dcf-8dfe-46c4349be609,10,Physics,JW,completed,784e2171-e437-4283-b476-27f47095a340
f6dac771-2d5a-4330-8202-6fe4df1dd569,a2cb6a6e-97d9-46dd-a925-0b25f176a034,ab8fbffb-bcf0-4dcf-8dfe-46c4349be609,1,Use of English,JW,completed,784e2171-e437-4283-b476-27f47095a340
1c56c6a8-2bed-4365-afe7-7f3f790fa7b3,a490467b-9814-4bd1-96b7-f706dc5410e6,f1861764-a81c-488c-a489-52168607f308,4,Chemistry,JW,completed,784e2171-e437-4283-b476-27f47095a340
79502a16-f0db-4075-9e94-c2782d14682e,a490467b-9814-4bd1-96b7-f706dc5410e6,f1861764-a81c-488c-a489-52168607f308,9,Mathematics,JW,completed,784e2171-e437-4283-b476-27f47095a340
4b6e8e0c-4cb4-49ac-b04b-859d8d8c57e3,a490467b-9814-4bd1-96b7-f706dc5410e6,f1861764-a81c-488c-a489-52168607f308,10,Physics,JW,completed,784e2171-e437-4283-b476-27f47095a340
09254749-b610-4283-b8c2-1d2c93fa2895,a490467b-9814-4bd1-96b7-f706dc5410e6,f1861764-a81c-488c-a489-52168607f308,1,Use of English,JW,completed,784e2171-e437-4283-b476-27f47095a340
d7859e98-b6ec-468d-bf5e-6f87eb09d496,a9004c19-c96d-4880-86c3-5f9a3566e6e7,7125b5fb-2977-4dc3-87b3-8265294450ee,3,Biology,JW,completed,784e2171-e437-4283-b476-27f47095a340
e4d36acc-ad5e-4e12-a043-467e3486d1ea,a9004c19-c96d-4880-86c3-5f9a3566e6e7,7125b5fb-2977-4dc3-87b3-8265294450ee,4,Chemistry,JW,completed,784e2171-e437-4283-b476-27f47095a340
4f781536-26c2-49c3-a171-e2c87233c50f,a9004c19-c96d-4880-86c3-5f9a3566e6e7,7125b5fb-2977-4dc3-87b3-8265294450ee,10,Physics,JW,completed,784e2171-e437-4283-b476-27f47095a340
775afa06-2b1a-4519-b53c-4fea42811011,a9004c19-c96d-4880-86c3-5f9a3566e6e7,7125b5fb-2977-4dc3-87b3-8265294450ee,1,Use of English,JW,completed,784e2171-e437-4283-b476-27f47095a340
b6194306-cea9-4199-bfdc-c0aa08d14191,a9a3d7df-e3ee-44ff-827c-b7644f531dd3,5ad65215-587b-449b-85f0-3d53a396943d,3,Biology,JW,completed,784e2171-e437-4283-b476-27f47095a340
6f24dbb4-730a-49bf-a2de-6011a1b2f7ab,a9a3d7df-e3ee-44ff-827c-b7644f531dd3,5ad65215-587b-449b-85f0-3d53a396943d,4,Chemistry,JW,completed,784e2171-e437-4283-b476-27f47095a340
20d8f668-db53-4735-9792-0a8a6668ff17,a9a3d7df-e3ee-44ff-827c-b7644f531dd3,5ad65215-587b-449b-85f0-3d53a396943d,10,Physics,JW,completed,784e2171-e437-4283-b476-27f47095a340
126bbe7c-5a96-4b59-926f-9c17d63c9501,a9a3d7df-e3ee-44ff-827c-b7644f531dd3,5ad65215-587b-449b-85f0-3d53a396943d,1,Use of English,JW,completed,784e2171-e437-4283-b476-27f47095a340
743bc176-84ac-43ba-a3ae-6a44b7c21e17,a9db30d7-eb23-4c80-827f-d20d9acf9bdf,f679e99d-a99b-4672-9b67-211e4265f2a5,3,Biology,JW,completed,784e2171-e437-4283-b476-27f47095a340
545f1451-baab-40b5-a920-3d8991aeebe6,a9db30d7-eb23-4c80-827f-d20d9acf9bdf,f679e99d-a99b-4672-9b67-211e4265f2a5,8,Literature In English,JW,completed,784e2171-e437-4283-b476-27f47095a340
f03cd342-f155-4108-86f0-a61a2a2b71f9,a9db30d7-eb23-4c80-827f-d20d9acf9bdf,f679e99d-a99b-4672-9b67-211e4265f2a5,9,Mathematics,JW,completed,784e2171-e437-4283-b476-27f47095a340
7f063cc9-e2ab-430c-99b7-97b8007a99e0,a9db30d7-eb23-4c80-827f-d20d9acf9bdf,f679e99d-a99b-4672-9b67-211e4265f2a5,1,Use of English,JW,completed,784e2171-e437-4283-b476-27f47095a340
331ea8d7-ef77-49a1-80ae-0b818b4a6a8e,ae786f58-482f-461e-8ae8-a3d5e08f5f59,aa54c02e-3c12-4f67-a9c3-0081b4fe75d2,3,Biology,JW,completed,784e2171-e437-4283-b476-27f47095a340
1824d046-6b4a-4ff1-84ff-558e54207ed4,ae786f58-482f-461e-8ae8-a3d5e08f5f59,aa54c02e-3c12-4f67-a9c3-0081b4fe75d2,4,Chemistry,JW,completed,784e2171-e437-4283-b476-27f47095a340
25f01c5a-cd19-430b-acf1-e75f5e4db4fe,ae786f58-482f-461e-8ae8-a3d5e08f5f59,aa54c02e-3c12-4f67-a9c3-0081b4fe75d2,10,Physics,JW,completed,784e2171-e437-4283-b476-27f47095a340
3279b8c8-cf8b-4e16-bd55-c40dcb240a07,ae786f58-482f-461e-8ae8-a3d5e08f5f59,aa54c02e-3c12-4f67-a9c3-0081b4fe75d2,1,Use of English,JW,completed,784e2171-e437-4283-b476-27f47095a340
64fd6618-6186-4f68-ad1d-2d9fc9449f4f,b292182b-cb70-401d-ba8a-2676da0e2adc,27539f0c-5b8a-4e59-82e6-63af26276606,22,Christian Religious Studies,JW,completed,784e2171-e437-4283-b476-27f47095a340
3b6f4888-5f3c-4b06-a72c-16f87354cb06,b292182b-cb70-401d-ba8a-2676da0e2adc,27539f0c-5b8a-4e59-82e6-63af26276606,7,Government,JW,completed,784e2171-e437-4283-b476-27f47095a340
8d634425-42f5-47b6-a9c8-40caeaa72768,b292182b-cb70-401d-ba8a-2676da0e2adc,27539f0c-5b8a-4e59-82e6-63af26276606,8,Literature In English,JW,completed,784e2171-e437-4283-b476-27f47095a340
40432c32-86e3-4b55-ae14-fc731f8a633e,b292182b-cb70-401d-ba8a-2676da0e2adc,27539f0c-5b8a-4e59-82e6-63af26276606,1,Use of English,JW,completed,784e2171-e437-4283-b476-27f47095a340
4a52c3c5-d50b-4eb1-b0ec-4dcbfedb2f57,b3f34d63-95ab-474c-8a04-f9386ec6aea4,568afb0b-3525-4bc8-911d-04f2392af4a2,4,Chemistry,JW,completed,784e2171-e437-4283-b476-27f47095a340
c2665c30-3021-4197-892f-c31f2fb71797,b3f34d63-95ab-474c-8a04-f9386ec6aea4,568afb0b-3525-4bc8-911d-04f2392af4a2,9,Mathematics,JW,completed,784e2171-e437-4283-b476-27f47095a340
aee0f436-32d7-4959-9f0f-b7cac8d1c262,b3f34d63-95ab-474c-8a04-f9386ec6aea4,568afb0b-3525-4bc8-911d-04f2392af4a2,10,Physics,JW,completed,784e2171-e437-4283-b476-27f47095a340
e76d5a5d-b0a5-4316-bba1-ebb3a2dd933d,b3f34d63-95ab-474c-8a04-f9386ec6aea4,568afb0b-3525-4bc8-911d-04f2392af4a2,1,Use of English,JW,completed,784e2171-e437-4283-b476-27f47095a340
78517618-df4d-408f-8b77-13285dcd4a7a,b4940800-d3cb-4238-869e-dbb6525bdf44,128822f5-f5a3-4064-9ec6-3c3f0a296ab7,3,Biology,JW,completed,784e2171-e437-4283-b476-27f47095a340
c60649ba-afda-4c99-9c63-6a327d7b8cb0,b4940800-d3cb-4238-869e-dbb6525bdf44,128822f5-f5a3-4064-9ec6-3c3f0a296ab7,4,Chemistry,JW,completed,784e2171-e437-4283-b476-27f47095a340
b0a32227-b67d-462c-bede-628a9b9ebb77,b4940800-d3cb-4238-869e-dbb6525bdf44,128822f5-f5a3-4064-9ec6-3c3f0a296ab7,10,Physics,JW,completed,784e2171-e437-4283-b476-27f47095a340
1cf29dd7-4406-4396-a82f-0ddf4363e4e5,b4940800-d3cb-4238-869e-dbb6525bdf44,128822f5-f5a3-4064-9ec6-3c3f0a296ab7,1,Use of English,JW,completed,784e2171-e437-4283-b476-27f47095a340
faa3d3af-043c-4eea-924e-b411aff67442,b7348d9e-5ced-4b0d-9d94-4c5684a04f07,fa15d35e-1f46-45cc-9b03-bb7db3c50e60,6,Economics,JW,completed,784e2171-e437-4283-b476-27f47095a340
87452c6c-5dec-48d7-9f6c-e90281c7a1ed,b7348d9e-5ced-4b0d-9d94-4c5684a04f07,fa15d35e-1f46-45cc-9b03-bb7db3c50e60,7,Government,JW,completed,784e2171-e437-4283-b476-27f47095a340
0eda8e23-c045-42f0-9001-dff7c0235890,b7348d9e-5ced-4b0d-9d94-4c5684a04f07,fa15d35e-1f46-45cc-9b03-bb7db3c50e60,9,Mathematics,JW,completed,784e2171-e437-4283-b476-27f47095a340
866db6ad-4c6a-4e45-a364-58de1f490e29,b7348d9e-5ced-4b0d-9d94-4c5684a04f07,fa15d35e-1f46-45cc-9b03-bb7db3c50e60,1,Use of English,JW,completed,784e2171-e437-4283-b476-27f47095a340
8eb395ff-8ec9-4d54-a8dc-230123596d6d,bc26e219-9fa0-4092-9369-02a00f16d610,cf909e59-2b37-4099-b8f2-01c5d4c8d668,6,Economics,JW,completed,784e2171-e437-4283-b476-27f47095a340
26023e44-f582-4ea6-b318-0884bf2e5693,bc26e219-9fa0-4092-9369-02a00f16d610,cf909e59-2b37-4099-b8f2-01c5d4c8d668,7,Government,JW,completed,784e2171-e437-4283-b476-27f47095a340
dd281be5-d95e-4598-8f13-3c4b3977dd14,bc26e219-9fa0-4092-9369-02a00f16d610,cf909e59-2b37-4099-b8f2-01c5d4c8d668,9,Mathematics,JW,completed,784e2171-e437-4283-b476-27f47095a340
4fa99077-3d1d-4853-94de-7638ebfbffb9,bc26e219-9fa0-4092-9369-02a00f16d610,cf909e59-2b37-4099-b8f2-01c5d4c8d668,1,Use of English,JW,completed,784e2171-e437-4283-b476-27f47095a340
928111e2-d8e2-41e2-9bb3-60077d9c0224,cb8670ed-e072-4e83-b500-1115c5136d79,ec438586-e87e-4930-8748-2636a0c149a6,3,Biology,JW,completed,784e2171-e437-4283-b476-27f47095a340
e4c1e6bf-f529-4405-9c3a-b6d429ba5d9a,cb8670ed-e072-4e83-b500-1115c5136d79,ec438586-e87e-4930-8748-2636a0c149a6,4,Chemistry,JW,completed,784e2171-e437-4283-b476-27f47095a340
f0135b87-42a9-4d11-b795-15a9b145f59f,cb8670ed-e072-4e83-b500-1115c5136d79,ec438586-e87e-4930-8748-2636a0c149a6,10,Physics,JW,completed,784e2171-e437-4283-b476-27f47095a340
4c7354f4-1214-4c52-876d-630cb4c65a53,cb8670ed-e072-4e83-b500-1115c5136d79,ec438586-e87e-4930-8748-2636a0c149a6,1,Use of English,JW,completed,784e2171-e437-4283-b476-27f47095a340
61d49fb6-3bc4-45e8-a26c-c243a4b0f10b,ce7b09cc-a2b1-4283-b7a5-dad1529c081c,06a3e402-7f90-4f10-b48d-20f7785c866a,3,Biology,JW,completed,784e2171-e437-4283-b476-27f47095a340
dbf660c2-7cf7-4bd8-8b69-5579d6d22d22,ce7b09cc-a2b1-4283-b7a5-dad1529c081c,06a3e402-7f90-4f10-b48d-20f7785c866a,4,Chemistry,JW,completed,784e2171-e437-4283-b476-27f47095a340
d17918ef-e5a5-4f76-8424-0619a9ed38a3,ce7b09cc-a2b1-4283-b7a5-dad1529c081c,06a3e402-7f90-4f10-b48d-20f7785c866a,10,Physics,JW,completed,784e2171-e437-4283-b476-27f47095a340
b5a72539-8408-4d4c-bb69-f18ff541973d,ce7b09cc-a2b1-4283-b7a5-dad1529c081c,06a3e402-7f90-4f10-b48d-20f7785c866a,1,Use of English,JW,completed,784e2171-e437-4283-b476-27f47095a340
299d99cc-6530-462d-85c6-a49990fbfffc,cecd1fff-17f7-4846-96d1-a7e3e162b44b,75ea7210-3b3a-4bb7-b857-1b3d943f8003,4,Chemistry,JW,completed,784e2171-e437-4283-b476-27f47095a340
031e0160-ba02-40b7-a2b8-6484934fa33f,cecd1fff-17f7-4846-96d1-a7e3e162b44b,75ea7210-3b3a-4bb7-b857-1b3d943f8003,9,Mathematics,JW,completed,784e2171-e437-4283-b476-27f47095a340
b34c6d83-3d9f-45a0-98e6-00bca77f7ce8,cecd1fff-17f7-4846-96d1-a7e3e162b44b,75ea7210-3b3a-4bb7-b857-1b3d943f8003,10,Physics,JW,completed,784e2171-e437-4283-b476-27f47095a340
ac22adf5-31b9-4725-a48a-b2b4cfefcfac,cecd1fff-17f7-4846-96d1-a7e3e162b44b,75ea7210-3b3a-4bb7-b857-1b3d943f8003,1,Use of English,JW,completed,784e2171-e437-4283-b476-27f47095a340
e6f8da0f-40cd-4dbc-8b2d-81478277d5e3,cecdf23b-a8e2-4c91-88f3-1dec151d1583,739283f2-e762-4462-9162-eff34783aa93,3,Biology,JW,completed,784e2171-e437-4283-b476-27f47095a340
fb8af292-126a-42be-8d5f-efeda9a31201,cecdf23b-a8e2-4c91-88f3-1dec151d1583,739283f2-e762-4462-9162-eff34783aa93,4,Chemistry,JW,completed,784e2171-e437-4283-b476-27f47095a340
c65b828b-51db-411c-93b5-91f3d390a202,cecdf23b-a8e2-4c91-88f3-1dec151d1583,739283f2-e762-4462-9162-eff34783aa93,10,Physics,JW,completed,784e2171-e437-4283-b476-27f47095a340
cb7c28a3-892e-40fa-b129-eb5c2b861def,cecdf23b-a8e2-4c91-88f3-1dec151d1583,739283f2-e762-4462-9162-eff34783aa93,1,Use of English,JW,completed,784e2171-e437-4283-b476-27f47095a340
cbb97c17-b705-4965-81df-384c577bee73,d29ea51a-3e6c-4e3e-840b-54fe6a760679,943a1cc7-35de-42d6-b763-5c9594b923cb,3,Biology,JW,completed,784e2171-e437-4283-b476-27f47095a340
3ea6025a-b9d2-4d9a-a4ab-5cc7edd805a4,d29ea51a-3e6c-4e3e-840b-54fe6a760679,943a1cc7-35de-42d6-b763-5c9594b923cb,4,Chemistry,JW,completed,784e2171-e437-4283-b476-27f47095a340
fe9b878e-8ee8-45a2-b7a6-325149beaead,d29ea51a-3e6c-4e3e-840b-54fe6a760679,943a1cc7-35de-42d6-b763-5c9594b923cb,10,Physics,JW,completed,784e2171-e437-4283-b476-27f47095a340
76c75fe2-3d80-491e-bcd6-ca79600aab9f,d29ea51a-3e6c-4e3e-840b-54fe6a760679,943a1cc7-35de-42d6-b763-5c9594b923cb,1,Use of English,JW,completed,784e2171-e437-4283-b476-27f47095a340
476a04f7-4ca4-40b2-86b7-e01c806443c3,d7465084-26a0-499b-831a-56cf66323806,9cd81377-0266-48ab-8b74-7f18f6d6d99f,3,Biology,JW,completed,784e2171-e437-4283-b476-27f47095a340
992fe66c-b133-46e0-b224-8109619c36e2,d7465084-26a0-499b-831a-56cf66323806,9cd81377-0266-48ab-8b74-7f18f6d6d99f,4,Chemistry,JW,completed,784e2171-e437-4283-b476-27f47095a340
126502bf-2d57-4562-ba42-200bee8ac124,d7465084-26a0-499b-831a-56cf66323806,9cd81377-0266-48ab-8b74-7f18f6d6d99f,10,Physics,JW,completed,784e2171-e437-4283-b476-27f47095a340
6bce72e7-2e16-4481-9bf8-439ba9d057f5,d7465084-26a0-499b-831a-56cf66323806,9cd81377-0266-48ab-8b74-7f18f6d6d99f,1,Use of English,JW,completed,784e2171-e437-4283-b476-27f47095a340
3d4794d9-bbf1-4fee-addb-a15a7b1251a9,d8745e96-c50b-485e-9010-a0eae67041f9,896324e3-f580-40ec-8979-a762c7e32015,3,Biology,JW,completed,784e2171-e437-4283-b476-27f47095a340
7ae2f28f-1cba-41ee-b343-604c6b4e3ed6,d8745e96-c50b-485e-9010-a0eae67041f9,896324e3-f580-40ec-8979-a762c7e32015,4,Chemistry,JW,completed,784e2171-e437-4283-b476-27f47095a340
ce9b0881-48f6-413c-adc9-c7c432d3b1fe,d8745e96-c50b-485e-9010-a0eae67041f9,896324e3-f580-40ec-8979-a762c7e32015,9,Mathematics,JW,completed,784e2171-e437-4283-b476-27f47095a340
26934678-02b7-401c-bf4b-01c64af44373,d8745e96-c50b-485e-9010-a0eae67041f9,896324e3-f580-40ec-8979-a762c7e32015,1,Use of English,JW,completed,784e2171-e437-4283-b476-27f47095a340
22f59048-95bc-41ea-8f8d-16a39052715c,e298aacc-c95a-4c3b-bb20-89b17d253eb1,7fea27a1-85d2-43f1-b8fb-6fdf3154d940,3,Biology,JW,completed,784e2171-e437-4283-b476-27f47095a340
e781339c-5106-4587-8c4f-c92c3c39b154,e298aacc-c95a-4c3b-bb20-89b17d253eb1,7fea27a1-85d2-43f1-b8fb-6fdf3154d940,4,Chemistry,JW,completed,784e2171-e437-4283-b476-27f47095a340
8e71fb1a-8c74-49a7-b2ee-e9fb06eaf4a1,e298aacc-c95a-4c3b-bb20-89b17d253eb1,7fea27a1-85d2-43f1-b8fb-6fdf3154d940,10,Physics,JW,completed,784e2171-e437-4283-b476-27f47095a340
dd466029-5b88-438c-a9ef-7366855cece6,e298aacc-c95a-4c3b-bb20-89b17d253eb1,7fea27a1-85d2-43f1-b8fb-6fdf3154d940,1,Use of English,JW,completed,784e2171-e437-4283-b476-27f47095a340
f3f945d0-3c87-4973-85e4-ca2dba521adb,e4233d6f-1e7b-4268-8fba-899ead81d845,d47ac8ae-7edb-4dd9-bed6-0f4a99b59e11,4,Chemistry,JW,completed,784e2171-e437-4283-b476-27f47095a340
dd23c762-550b-486e-b555-5039b128b6c9,e4233d6f-1e7b-4268-8fba-899ead81d845,d47ac8ae-7edb-4dd9-bed6-0f4a99b59e11,9,Mathematics,JW,completed,784e2171-e437-4283-b476-27f47095a340
eaa4965d-3ed5-44b5-8bf7-461a71033643,e4233d6f-1e7b-4268-8fba-899ead81d845,d47ac8ae-7edb-4dd9-bed6-0f4a99b59e11,10,Physics,JW,completed,784e2171-e437-4283-b476-27f47095a340
b0b549fa-b314-4986-98a9-15e612c27fc1,e4233d6f-1e7b-4268-8fba-899ead81d845,d47ac8ae-7edb-4dd9-bed6-0f4a99b59e11,1,Use of English,JW,completed,784e2171-e437-4283-b476-27f47095a340
65cc139f-3b4e-4d40-948d-0e519aa1a837,f6d3acc2-14ac-45b8-85e8-4e716491abed,9b834636-2a14-43e4-9776-5f6eaf6a6ac0,4,Chemistry,JW,completed,784e2171-e437-4283-b476-27f47095a340
9c72a7d0-1950-4f0f-9e34-e009960a9cf2,f6d3acc2-14ac-45b8-85e8-4e716491abed,9b834636-2a14-43e4-9776-5f6eaf6a6ac0,9,Mathematics,JW,completed,784e2171-e437-4283-b476-27f47095a340
965d5849-ad3b-4ec7-b3a8-20dc9e9d3d27,f6d3acc2-14ac-45b8-85e8-4e716491abed,9b834636-2a14-43e4-9776-5f6eaf6a6ac0,10,Physics,JW,completed,784e2171-e437-4283-b476-27f47095a340
70f83b35-2319-4890-a80b-c1ede89dad5c,f6d3acc2-14ac-45b8-85e8-4e716491abed,9b834636-2a14-43e4-9776-5f6eaf6a6ac0,1,Use of English,JW,completed,784e2171-e437-4283-b476-27f47095a340
18494d91-ba86-4c73-b27d-1d107444c8a6,fba72eeb-6a5c-424a-966e-2a00a017c256,3ee3bb1f-a4eb-4e28-8828-a5ebb019636e,3,Biology,JW,completed,784e2171-e437-4283-b476-27f47095a340
d10b9466-627b-41ae-946a-92eb0bbbf65e,fba72eeb-6a5c-424a-966e-2a00a017c256,3ee3bb1f-a4eb-4e28-8828-a5ebb019636e,9,Mathematics,JW,completed,784e2171-e437-4283-b476-27f47095a340
a85e36ae-ff20-4dbf-aba1-93b294404c1b,fba72eeb-6a5c-424a-966e-2a00a017c256,3ee3bb1f-a4eb-4e28-8828-a5ebb019636e,10,Physics,JW,completed,784e2171-e437-4283-b476-27f47095a340
60b0d329-bb7a-4a2a-a7d4-46dbce99d371,fba72eeb-6a5c-424a-966e-2a00a017c256,3ee3bb1f-a4eb-4e28-8828-a5ebb019636e,1,Use of English,JW,completed,784e2171-e437-4283-b476-27f47095a340
786fbc1d-eebb-4346-87bd-dbf33f5fbc30,fcbd5f88-5a3f-4058-b6ad-3b06175a9434,698ea8e7-45f9-4f98-a3f4-8bad30f52b77,6,Economics,JW,completed,784e2171-e437-4283-b476-27f47095a340
6ebe3dc1-76f9-4bc7-a9fe-ff27a204676c,fcbd5f88-5a3f-4058-b6ad-3b06175a9434,698ea8e7-45f9-4f98-a3f4-8bad30f52b77,9,Mathematics,JW,completed,784e2171-e437-4283-b476-27f47095a340
28163b19-2fa8-4521-b169-9e88f0128d14,fcbd5f88-5a3f-4058-b6ad-3b06175a9434,698ea8e7-45f9-4f98-a3f4-8bad30f52b77,10,Physics,JW,completed,784e2171-e437-4283-b476-27f47095a340
56c44d9e-dbc4-4748-abdf-b2f3599d4a7e,fcbd5f88-5a3f-4058-b6ad-3b06175a9434,698ea8e7-45f9-4f98-a3f4-8bad30f52b77,1,Use of English,JW,completed,784e2171-e437-4283-b476-27f47095a340
a1527945-c883-4f6d-abb9-6b7241fb6052,fcc4a4e9-c7d9-41fd-911c-0fdea1de6d25,67b84d86-866b-43fc-b6d6-550e76180770,22,Christian Religious Studies,JW,completed,784e2171-e437-4283-b476-27f47095a340
bd56b88d-8608-4119-bd97-0ff44fbd6083,fcc4a4e9-c7d9-41fd-911c-0fdea1de6d25,67b84d86-866b-43fc-b6d6-550e76180770,7,Government,JW,completed,784e2171-e437-4283-b476-27f47095a340
6a58e128-f641-46da-b104-bb280d610fd7,fcc4a4e9-c7d9-41fd-911c-0fdea1de6d25,67b84d86-866b-43fc-b6d6-550e76180770,8,Literature In English,JW,completed,784e2171-e437-4283-b476-27f47095a340
ba176c6c-7582-4027-807c-8437b14d893d,fcc4a4e9-c7d9-41fd-911c-0fdea1de6d25,67b84d86-866b-43fc-b6d6-550e76180770,1,Use of English,JW,completed,784e2171-e437-4283-b476-27f47095a340
